Txhash,Method,Blockno,DateTime (UTC),From,From_Nametag,To,To_Nametag,Value,Txn Fee
0xc957c5921858a38e064fcb62befba89070e1aa5f0ec0f98ab6dbff8c9f28a023,-,(Pending),2024-03-18 23:12:56,0x33a9aAA0CF9c3D7e9f4aC4BabBd23983d07d0427,,0x0d500B1d8E8eF31E21C99d1Db9A6444d3ADf1270,Polygon: WMATIC Token,2 MATIC,(Pending)
0x64325c4a5cec2ce68919198891ff00503eb9db908fda755c2fc2597dee6c5769,-,(Pending),2024-03-18 23:12:56,0x33a9aAA0CF9c3D7e9f4aC4BabBd23983d07d0427,,0x0d500B1d8E8eF31E21C99d1Db9A6444d3ADf1270,Polygon: WMATIC Token,1 MATIC,(Pending)
0x91b559ae2cf68ae7c211a3744cf3ebb9d7003e5eb9ecbe0cf7f05a08cefb8ad4,Deposit,54819686,2024-03-18 23:12:45,0xaF5760401f481cE71253Cc3Df5f9553faA451E95,,0x0d500B1d8E8eF31E21C99d1Db9A6444d3ADf1270,Polygon: WMATIC Token,0.0003577 MATIC,0.00095837
0x1e39420d78f4a10861ee9f01ae48d5d4019b6016018d7370d39b0c27103e82e6,Transfer,54819676,2024-03-18 23:12:23,0x3A66a27bF6D3360bC13cbAe7F6300e69943DEC39,,0x0d500B1d8E8eF31E21C99d1Db9A6444d3ADf1270,Polygon: WMATIC Token,0 MATIC,0.00172755
0x1ffda972bab9b8964105d6aec0f525668a3aeca71a67269237bf35619dfdc541,Withdraw,54819674,2024-03-18 23:12:19,0x9344AA00EdC309443826df30D580F0c983cf93F2,,0x0d500B1d8E8eF31E21C99d1Db9A6444d3ADf1270,Polygon: WMATIC Token,0 MATIC,0.00106578
0x7329dc3cf88684143f5d0579e0aef69d4b4a75039bd056894363429fa5e6bccf,Approve,54819671,2024-03-18 23:12:13,0x580A751BE676d0dFe65D8BF8b50E7A65aF801068,,0x0d500B1d8E8eF31E21C99d1Db9A6444d3ADf1270,Polygon: WMATIC Token,0 MATIC,0.00695955
0x218dcd2e3438c12762b42c7dc515e22301075781563a33591ad39117fb192eb0,Withdraw,54819666,2024-03-18 23:12:03,0x758597A5671231211ed2DD13075c2f66cFaf4A9F,pescandoporcolombia.wallet,0x0d500B1d8E8eF31E21C99d1Db9A6444d3ADf1270,Polygon: WMATIC Token,0 MATIC,0.00105717
0x490b0c7e8f284cd045fd3fdfe84acc9d312129da3a6a88d5d1e265e5eb904147,Deposit,54819666,2024-03-18 23:12:03,0x43F6eD92175Fc24b17D305290580cbCe352Df2D2,,0x0d500B1d8E8eF31E21C99d1Db9A6444d3ADf1270,Polygon: WMATIC Token,0.00018377 MATIC,0.00084102
0xaf637fd092f6069fe93f45967fd0ac863e3c4af921859ef9c6e872ca7dc7ad3d,Approve,54819650,2024-03-18 23:11:15,0xE6156AB16f64a5D219f7F109163a386467e5920B,,0x0d500B1d8E8eF31E21C99d1Db9A6444d3ADf1270,Polygon: WMATIC Token,0 MATIC,0.00138471
0xb785ba41754e2727e7ac541c84b80a9064c96efb0954dffce45d437638371125,Deposit,54819649,2024-03-18 23:11:13,0x6F13658Ed2Df1c2a6D7bcf9a6d6a76F39E117337,,0x0d500B1d8E8eF31E21C99d1Db9A6444d3ADf1270,Polygon: WMATIC Token,0.00028177 MATIC,0.00100867
0x8e09464adbafceda56bed44b6fb5ff7e76e4a6160a1b112494e0f27e1221db6a,Transfer,54819645,2024-03-18 23:11:03,0x3A66a27bF6D3360bC13cbAe7F6300e69943DEC39,,0x0d500B1d8E8eF31E21C99d1Db9A6444d3ADf1270,Polygon: WMATIC Token,0 MATIC,0.00172755
0x002087dd736eb58ad78ca150f905e5f4bbfbc7b55079fc29fa9afe7ccdd9a893,Withdraw,54819639,2024-03-18 23:10:51,0xaB1ecAC17b24440c0df2A582D6C536A5341F1da1,,0x0d500B1d8E8eF31E21C99d1Db9A6444d3ADf1270,Polygon: WMATIC Token,0 MATIC,0.00105753
0xf252064c61b2d04fd422d51b3c52ddd48b795c47b766b073a45bbe5724d6f413,Transfer,54819635,2024-03-18 23:10:43,0x00Ea8C7e14184b857be081F31F167cc5e7914f6D,,0x0d500B1d8E8eF31E21C99d1Db9A6444d3ADf1270,Polygon: WMATIC Token,0 MATIC,0.00163894
0x1c19f791b6a05d6a21ee51861a639d40e930792261807dd95ccf879d96b30a9c,Deposit,54819631,2024-03-18 23:10:33,0xF530510195Ef56cd1c9C54E5495C13E87464e2ec,,0x0d500B1d8E8eF31E21C99d1Db9A6444d3ADf1270,Polygon: WMATIC Token,0.00038271 MATIC,0.00092484
0x8e5f1aad9693f68b0321674ed22e75150a563137398baf4dde0584a7716c76c5,Deposit,54819616,2024-03-18 23:10:03,0x00Ea8C7e14184b857be081F31F167cc5e7914f6D,,0x0d500B1d8E8eF31E21C99d1Db9A6444d3ADf1270,Polygon: WMATIC Token,1,000 MATIC,0.00166651
0x5afd939d0f653bc154e2d8eefb32f81a4d77b68286be7cec5ea522c688b17e1e,Deposit,54819611,2024-03-18 23:09:51,0x5C8aCcf3783D498Bc6A65BE432e4e1352D4578D2,,0x0d500B1d8E8eF31E21C99d1Db9A6444d3ADf1270,Polygon: WMATIC Token,0.00019377 MATIC,0.00100867
0xdc7c5fc1f6130e684cdc564d682ac9fe42ff648445bf9e38924168fc5a3adfc4,Deposit,54819592,2024-03-18 23:09:11,0xaaD6caD79D2e85Ed82963861a75623A1bE725A99,,0x0d500B1d8E8eF31E21C99d1Db9A6444d3ADf1270,Polygon: WMATIC Token,0.00029373 MATIC,0.00100867
0x5a02ecc7d0bcef57a6f63cd740adab75cc83b5983b391245981ea301425b25bf,Withdraw,54819585,2024-03-18 23:08:57,0x0f0067cd819cB8F20BDa62046dAFF7a2b5c88280,,0x0d500B1d8E8eF31E21C99d1Db9A6444d3ADf1270,Polygon: WMATIC Token,0 MATIC,0.00257419
0xddb6274cb9564cd3d4ca6fcdbf32ef02297bdb007974901e7e5d3005fd4e4c96,Approve,54819574,2024-03-18 23:08:33,0xF80157203CF69596558ee215A6294408A60FE29b,,0x0d500B1d8E8eF31E21C99d1Db9A6444d3ADf1270,Polygon: WMATIC Token,0 MATIC,0.00140471
0x2cf494a90240106fea460d2ec034448d89154cf55ecd209671b6f9a837caa7b2,Deposit,54819572,2024-03-18 23:08:29,0x209BDccFAaF144961688223Ab32B48Ab8Ade562d,,0x0d500B1d8E8eF31E21C99d1Db9A6444d3ADf1270,Polygon: WMATIC Token,0.00018363 MATIC,0.00084381
0xf444632c3d4ed20424553156b39d894d86c24a79e8e8a2f32d290891c3c1b381,Transfer,54819554,2024-03-18 23:07:51,0x3A66a27bF6D3360bC13cbAe7F6300e69943DEC39,,0x0d500B1d8E8eF31E21C99d1Db9A6444d3ADf1270,Polygon: WMATIC Token,0 MATIC,0.00172755
0xc9e9ff646c607a90d4057c2d6f90abc08b15baf5f4d493d6822f9fd8ee57e72b,Deposit,54819552,2024-03-18 23:07:47,0x81275B3049062DB9CAa381Dd379Ee1cE8290d73D,,0x0d500B1d8E8eF31E21C99d1Db9A6444d3ADf1270,Polygon: WMATIC Token,0.0003827 MATIC,0.00084381
0xe47e06a2c4e2b5ae3a67ba7ffc81f68014c032abfa1d34ebf743509d53c8a1ba,Withdraw,54819552,2024-03-18 23:07:47,0x801574f6763f587fBb9402Fe657AFfA4A9B7BF4e,,0x0d500B1d8E8eF31E21C99d1Db9A6444d3ADf1270,Polygon: WMATIC Token,0 MATIC,0.00112668
0x564fcc08d8b8f65c03670e20b28b4449bec9053ba77dbfadcd1f8fb22addfd3f,Approve,54819537,2024-03-18 23:07:15,0x390D936b1EfbDcE38d7633F033bad887C04ca2c6,,0x0d500B1d8E8eF31E21C99d1Db9A6444d3ADf1270,Polygon: WMATIC Token,0 MATIC,0.00139191
0xf8198211f2601c302be8608046af3cb7e9f91d05aa2ec5f6ecd0c013241bdd3c,Withdraw,54819536,2024-03-18 23:07:13,0xF52ebEA7b851E452ecE018FbD753bd6cB5387E36,,0x0d500B1d8E8eF31E21C99d1Db9A6444d3ADf1270,Polygon: WMATIC Token,0 MATIC,0.0030475